aortae | abrade | abbacy | abbess | abacus | abased | abatis | abaser | abided | abases | abator | abasia | abated | abider | abates | abbeys | abhors | abides | abater | aboded | aboral | aboard | abjure | abduct | ablest | ablate | abbots | abloom | ablaze | ablush | abound | abodes | abused | aboves | abuser | abysms | aborts | abuses | acumen | achier | achene | absent | abrupt | abject | accent | accord | abroad | abscam | absorb | actors | access | accrue | accept | accuse | acquit | acacia | acetic | acadia | acidly | acuity | aching | acorns | across | acutes | adages | adders | adapts | adagio | adjoin | adjure | absurd | adsorb | adhere | accede | accost | adjust | addict | addend | addles | adding | addled | adduce | adeste | admire | active | actual | acting | albino | ageing | agedly | aerily | adrift | adduct | admixt | adroit | adonis | adepts | adieus | admits | adobes | adolph | adopts | adored | aeried | aerate | aerial | aerobe | aerier | acuter | adorer | aether | aeries | adores | adults | adorns | advent | adieux | adverb | advice | advert | advise | ageism | affirm | afeard | affair | affect | afflux | afford | affray | afghan | afloat | aflame | afraid | afield | afreet | africa | aerify | afrits | afresh | afters | aglets | agamas | agents | agates | agamic | acidic | aeonic | agonal | agapae | agaves | agings | agency | ageist | agenda | agonic | agorae | aglare | aghast | airest | agreed | aggies | agists | agoras | agleam | agrees | aiders | aidful | aiding | aidman | airway | airbus | aimers | aimful | aiming | aikido | ailing | airier | aidmen | aisled | airmen | airily | airman | airing | algins | alamos | alarum | adytum | allium | allays | alarms | alaska | alated | algoid | albeit | albany | albedo | albums | albert | aliens | alephs | akenes | aisles | alines | alders | aldrin | alerts | alexia | alibis | alight | alined | aligns | aliner | alfred | aliter | allied | allege | alcove | allele | alkali | alkyds | alleys | alkyls | allies | allude | allots | allure | allows | almond | alloys | almost | almner | althea | alohas | allyls | alphas | alpaca | alnico | alpine | alumna | ahimsa | ahorse | amerce | ameban | amazon | action | ancien | amnion | amigos | amazes | ambers | altars | ameers | ambles | amazed | ambler | ambery | alters | always | annals | ampuls | ambush | ambled | amides | amebas | amicus | amends | amebae | aments | amebic | amtrac | amidic | amigas | amidst | amines | amours | agouti | amount | agouty | argufy | angary | anally | anadem | analog | anarch | anatto | angsts | amuses | ampler | ampere | ammine | ampule | annuli | angels | andean | andrew | anergy | anemia | alumin | anemic | aminic | anilin | angled | amoles | amoeba | amoral | animal | akimbo | animas | angers | angina | ammino | amrita | arnica | antics | angles | amulet | amucks | amused | anises | amuser | angler | anchor | anglos | angola | anions | angora | annoys | animus | anisic | anomia | ankara | ankles | annuls | anneal | anorak | annual | anyway | anodal | anoint | anklet | anodes | anomic | anoles | anodic | anonym | anomie | anyone | anting | anteed | answer | anthem | antony | anther | antral | antler | antrum | amtrak | ashram | ashier | aphids | anvils | anuses | aouads | aortas | aoudad | aortal | apical | apache | apices | apiary | apathy | avatar | appear | apiece | apercu | apexes | apneas | apnoea | aplomb | appose | apogee | apodal | apollo | appall | apneal | appels | apneic | anoxic | aortic | arabic | armpit | anopia | arabia | anoxia | ataxic | arctic | arcade | arable | arcane | arched | ahchoo | anyhow | archon | arcana | archer | arbour | ardors | aprons | appals | appeal | apples | append | approx | aptest | ardent | arcing | arches | arbors | ardour | areola | archly | arcked | aretes | areole | arenas | argals | argent | argils | argled | argols | argued | argons | arguer | argosy | argles | argyle | argots | argyll | argues | arhats | arises | aridly | aright | arider | ariose | arisen | arioso | armors | armada | armers | armful | armies | armory | arming | armlet | armour | arnold | around | aroids | arouse | aroint | aromas | aroynt | arrest | arrack | arrear | arrant | arrive | arrays | arrowy | arsons | arroyo | aurora | arrows | aryans | askant | ascend | ascots | ascent | ashing | ashcan | ashore | ashlar | ashmen | asides | askers | artery | artful | artier | atoner | atolls | athens | asians | asking | aslant | asleep | aslope | aspire | aspect | aspish | artist | arthur | artily | astray | ashman | assign | aspics | assays | aspens | assert | assail | assent | aspers | assort | assess | assize | assets | assisi | assume | assist | assure | astern | asthma | asters | astral | astute | attire | aswirl | aswoon | aswarm | asylum | atrium | attics | atmans | athena | ataxia | atomic | atonal | atopic | atoned | attend | attach | attest | attack | attila | atrial | aurist | audios | augers | attars | atones | atween | attain | atavic | attrib | attune | autumn | augurs | audads | aughts | augend | augury | aurums | auburn | aubade | auntie | aurate | audits | aureus | auxins | aurous | autoed | aulder | author | autism | august | avaunt | avails | averts | avenge | aviate | avenue | cheque | barque | babble | babied | baaing | aweing | awaits | avoids | avians | avidly | avions | aviary | binary | aweary | aweigh | awhile | awning | awhirl | rehire | before | baffle | babels | baboon | babies | backed | awaked | avowed | avouch | avocet | avowal | choral | axonal | axeman | badman | babkas | backer | bacons | babuls | badges | baboos | bagels | bagful | backup | balkan | badmen | axemen | awaken | awards | awless | awakes | axises | axseed | axones | avower | awoken | azores | azalea | azures | aztecs | betels | bakers | bairns | bailed | badger | baddie | badged | baggie | bagman | bagged | bagnio | bagmen | bagwig | baguet | bailee | balded | bailer | baleen | bailey | bakery | baking | banana | balboa | bailor | baited | bailie | baiter | balked | baizes | balder | balers | baldly | baling | balker | ballad | baltic | balled | balsam | baller | balsas | ballet | banded | bangle | bander | banish | bandit | ballot | bamboo | banjos | banged | bantam | banger | bantus | banked | banyan | banker | banzai | banned | barbel | banner | barbed | banter | barded | barely | barber | baobab | barman | bardes | barest | bardic | barfed | barhop | barfly | barged | baring | bargee | barium | barges | barite | barked | barlow | barker | barmie | barley | barons | barmen | barony | barred | baryon | barrel | bashed | barren | basher | basalt | bashes | barter | barrio | bedrid | beaded | basked | basely | basics | basest | basify | basket | basils | basque | basing | basses | bathed | basset | basins | bassly | basted | bassos | barrow | batboy | bateau | bather | bastes | bathos | bating | bathes | baster | batmen | batiks | batman | batons | batted | bawler | batten | bawled | batter | bazaar | beggar | beagle | battle | beadle | bauble | baulks | bayous | baying | begins | beards | beachy | beaked | beacon | beaker | beanie | beamed | beasts | beaned | beauts | bearer | beauty | beaten | becked | beater | bedded | beaver | beebee | became | beckon | becalm | become | bebops | bedews | bedamn | bedbug | bedder | bedaub | bedeck | bedims | bedlam | bedrug | bedpan | bedumb | beluga | befogs | beeves | beechy | beefed | beetle | beeped | begird | befits | befall | behave | begone | befool | behold | befell | begets | begged | beeper | beiges | begums | begirt | behest | behalf | behead | behoof | befoul | behove | beheld | belied | belays | bazars | bawdry | baulky | blocky | biopsy | bigamy | bicarb | beware | belfry | beldam | belief | behind | belier | bellow | belies | beings | beirut | bellum | belike | belled | belong | belles | bended | bengal | bemoan | belows | belted | bendee | bemire | bemata | bemuse | benumb | bender | benign | benzol | bestow | bertha | berate | berber | bereft | bering | berets | berlin | berths | besets | beryls | besoms | axioms | blooms | besots | beseem | beside | bested | bethel | benzyl | bewail | atwain | atypic | axonic | biotic | bestir | austin | biotin | benzin | blazon | blabby | blacks | bhangs | bewigs | betide | betony | betake | betook | betime | betray | betted | bevies | bettas | bevels | biceps | bezels | bezoar | better | bibber | biased | bialys | biaxal | biases | bibbed | bicker | bibles | bidden | bicorn | biders | bidder | bidets | biding | bigwig | bigeye | bigger | biffed | biform | biflex | bifold | beyond | bisons | bights | biggie | bigots | bijoux | bipods | bikers | bijous | bilbos | bilged | billie | bilges | billow | bilked | binder | billed | binges | bilker | binned | biller | biomes | billet | birded | bindle | bingos | bimahs | biotas | bhutan | bitten | bettor | bitted | birder | bireme | bipeds | births | birdie | bionic | blinis | blades | blanch | bladed | blains | bezils | bodies | blames | blasty | bhakta | blasts | bhakti | boasts | blanks | blamed | blimps | blamer | bitter | bistro | bisect | bishop | bisque | brogue | blonde | bleeds | biters | bitchy | biting | botany | bleary | bleeps | blares | bleaks | blazes | blears | blench | bleats | blenny | bleach | blends | blintz | blight | blimey | blared | blokes | blazed | blower | bloats | blinds | blithe | blinks | bloods | blotch | blocks | bloody | blotto | blonds | bloomy | blouse | bloops | blotty | blowup | blousy | bluely | blowby | bluesy | blowzy | blurry | blowsy | bluest | bluffs | bluing | alumni | cluing | biking | bovine | bikini | boding | bodega | bodice | bobble | bobcat | bobbed | boatel | blazer | boated | boards | blurbs | bluish | blueys | blunge | blurts | boosts | blunts | boughs | bocces | boater | boches | bobber | bodied | bodkin | boccie | bobbin | bollix | boffin | bonbon | boffos | bogeys | bogart | bogged | bogota | boggle | bodily | boeing | bogies | boiled | bolder | bogled | bolter | bogles | bolded | boiler | bolted | boldly | bolero | bolide | axlike | byline | boning | bohunk | booing | bonier | bolled | bomber | bonded | bombes | bonder | bombed | bonnet | boners | bonged | bonita | bongos | bonito | bonnie | bonsai | bombay | booboo | boodle | booger | bonzes | booked | bonzer | boomed | boogie | boohoo | booker | booths | bookie | boomer | bootie | boozed | bopper | booted | border | bootee | bopped | boozer | borneo | boozes | borons | borage | boreal | borate | boring | borrow | borsch | borzoi | borsht | bossed | bosoms | bosque | bosomy | bosses | boston | bosons | boules | bosuns | bounds | boucle | botchy | bother | botfly | bottom | bowwow | bowels | bottle | bouffe | bought | bounce | bourgs | bouncy | bourne | bounty | bourns | boused | bourse | averse | cheese | breeze | braise | boyish | bowing | bowers | bouses | bowled | bowery | bowfin | bowleg | bowman | bowler | boxcar | bowyer | bracer | boxier | bowmen | brazen | bracts | braggy | braced | bowsed | braked | brahma | braces | bowses | boxers | boxful | boxing | brains | branch | brahms | brainy | brakes | braize | brands | brashy | braids | brasil | brails | brandy | braved | brassy | braver | bratty | braves | brawny | bravos | brayed | brawls | brayer | brawns | brazed | breves | brazee | brevet | brazer | brewed | brazes | breads | breech | breaks | breezy | breach | breeds | breast | breton | breams | brewer | breath | briars | bribed | briary | bribee | bricks | briber | bricky | bribes | bridal | brazil | brutal | briton | brides | briery | bridge | briefs | bridle | briers | bright | brined | briony | briner | brisks | broads | brines | brocks | brings | broils | brinks | bromos | broach | brogan | broker | brolly | broken | bronco | broods | bronze | brooch | bronzy | brooks | brothy | broncs | broody | broths | broomy | browns | bruits | brooms | browny | bruins | brunch | bruise | brunet | brushy | brunts | bruted | bucked | buboes | brutes | budges | bucker | budded | bucket | budder | budgie | aussie | burnie | bubble | bugeye | buckle | bubbly | bulbar | budger | buddha | buckra | bulked | budget | buffed | bugger | buffet | budged | buffer | bugged | bulgur | bugler | builds | buenas | buffos | bugles | buenos | buicks | bulges | bugled | bulger | bulbul | bulged | bummer | bulbed | bumble | bumkin | bummed | bullet | bumped | bunker | bulled | bumper | bunged | bunchy | bundle | buncos | bungle | bunion | bunked | bunyan | bunkos | bunsen | bunkum | bunted | burden | bunter | buoyed | burgee | burbly | bureau | burble | burger | burial | burghs | buried | burgle | burier | burgoo | buries | burlap | burins | burled | burros | burler | burrow | burley | bursae | burned | bursal | burner | bursas | burnet | bursar | burped | bursts | burred | burton | burrer | bushed | burses | bushel | busboy | busher | busily | bushes | busing | buskin | busied | busman | busier | bustle | busies | butler | busmen | butted | busses | butter | bussed | buttes | butane | button | busted | buzzer | cozier | cadger | cabled | cabala | cabbie | cabals | cabman | cabana | cabers | buyers | butyls | buzzes | buster | buzzed | crazed | cached | cables | cacaos | cabins | cabmen | cabobs | caches | cackle | cachet | cactus | caddis | cadent | caddie | cadets | cadged | cadmic | cadges | cagers | cadres | cagier | caesar | caecum | calcic | calico | cagily | cajole | cahoot | callow | califs | caging | buying | bryony | bygone | byroad | byplay | bypass | camass | cairns | caiman | callas | caftan | calvin | caliph | cakier | calked | callus | cajuns | caking | canons | calory | calker | calmly | called | camber | calmed | camden | caller | camped | calmer | cancel | calved | camper | calves | camels | calxes | cameos | cambia | campos | camera | campus | canals | cancan | canada | cancer | canaan | candid | canape | candor | canard | candle | canary | canine | caners | caning | canker | cannas | bwanas | chants | carats | canoes | cannie | canoed | cannon | canopy | canned | canthi | cannel | cantle | canner | canton | canvas | cannot | canted | canyon | canter | capped | capers | cantos | capons | capful | capita | capone | capper | cantor | carbon | captor | capote | capric | cardia | carafe | carboy | carate | carded | carers | carder | caress | carful | careen | cargos | career | carhop | carets | carina | carlot | caries | carman | caring | carmen | carnal | carobs | carney | carols | carnie | caroms | carpal | carrom | carped | carrot | carpel | carson | carper | carton | carpet | cartop | carpus | carrel | cashed | cartel | casher | carted | cashes | carter | cashew | cartes | casked | carven | casein | casaba | casbah | casava | cashoo | casing | casket | carved | casper | carves | cassis | casino | casque | cassia | casted | carver | castes | casual | caster | cattle | castor | cation | catchy | caters | castro | catted | castle | cavils | caucus | catgut | catkin | catnap | caudal | caught | caulks | causal | catsup | caused | cavies | causer | caviar | cavern | caving | caveat | cavity | cavers | causes | ceased | ceiler | ceases | cedars | ceding | ceders | cellos | ceiled | cellar | celebs | celiac | celery | celled | celtic | center | census | centra | censed | centre | censer | centum | censes | cereus | cement | cereal | cerise | cayuse | cayman | ceylon | censor | cessed | cermet | cerias | cervix | cerium | certes | chafes | cesses | cesium | cesura | colure | clause | chance | chafed | chains | cawing | cosine | chaise | chafer | chairs | chaffy | chalah | chaffs | chalet | champs | chalky | change | chalks | champy | chapel | chancy | chards | chanty | chared | chasms | charge | chased | charms | chaser | charon | chases | charry | chaste | chares | chasmy | charts | chawed | chatty | chawer | chedar | cheaps | cheeky | cheats | cheery | cetera | cheers | chemin | checks | cheesy | chelas | cherry | cheeks | cherty | cheeps | cherub | chests | cheval | chesty | chewed | chider | chichi | chided | chewer | chides | chicle | chiefs | chicly | chigoe | chicks | chilli | chicos | chilly | chimed | chiels | chimer | chills | chinch | chiles | chinky | chimes | chintz | chimps | chisel | chinas | chippy | chines | chirpy | chinks | chitin | chinos | chivvy | chints | chiton | chirks | choirs | chirps | chocks | chives | choked | choice | choker | cholla | chokes | choose | browse | crease | cleans | churns | chomps | chokey | chopin | choler | choosy | chords | choppy | chorea | chroma | chrism | chrome | christ | chromo | chummy | chucks | chores | chuffs | chorus | chosen | choric | choses | chumps | chubby | chukka | chuffy | chunks | church | chored | churls | chucky | churrs | chunky | chuted | citied | chowed | chutes | cities | ciders | cicely | cicada | cicero | cigars | circus | cilium | cinque | cinder | cinema | citers | cirrus | circle | ciscos | circum | citrus | cirque | cliquy | clammy | clacks | clamor | claims | civics | citify | citric | catnip | clinic | clangs | claque | clamps | claret | clanks | claspt | clarke | clasps | claver | cipher | civies | citing | citron | claxon | classy | clawed | clever | clayed | climes | clawer | cloned | clayey | clergy | clears | clench | cleats | civets | clefts | cleave | cleric | clewed | clerks | cliffs | clevis | clicks | client | cliche | cliffy | climax | clifts | clinch | climbs | clingy | clique | clings | cloaks | cloche | cloaca | clocks | cloddy | clomps | clinks | clonal | cloggy | clones | clothe | clonic | closed | clonks | closer | cloths | closet | clotty | closes | cloudy | cloven | clouds | clover | clouts | cloyed | clowns | clucks | cloves | clumps | clubby | clunks | clumpy | clutch | clumsy | county | coacts | coaled | coapts | coaler | coarse | coasts | coated | coaxal | coatee | cobber | coaxed | coatis | coaxer | cobweb | coater | cocked | coaxes | cobras | cobalt | cocain | coccus | cobnut | cobble | coerce | cockle | coccyx | cocker | cocoas | cockup | cocoon | codein | codder | coders | coddle | codger | codify | codons | cogent | coding | cogito | cogged | coffee | cohere | cohosh | coheir | coffer | coiled | coigne | coifed | coffin | collie | coiler | coigns | coined | cognac | coeval | coempt | cohort | collat | cogway | coital | coiner | coitus | colics | coking | colons | colder | coleus | coldly | collar | cologs | collop | colony | colloq | colors | cavort | copout | combat | comedo | combed | comedy | comber | colour | column | common | combes | comely | combos | cometh | comfit | comers | coming | comets | commie | comics | commit | comity | commas | comped | commix | compel | comsat | comply | comtes | compte | congee | conchs | compos | condom | conchy | condor | coneys | compts | condos | concur | confab | conger | conics | confer | congas | conked | congos | conker | connie | conies | conoid | conner | consul | conned | contra | convex | cooees | convey | cooked | contes | convoy | cookey | cooers | cooing | cooeys | cooker | coolie | coombs | cookie | cooled | coombe | cooler | coopts | cooley | cootie | coolly | cooped | copier | copals | copeck | copied | cooper | copies | coplot | copers | coping | copped | copras | copper | copula | copses | coquet | copter | corbel | corals | corded | corers | corder | corgis | cordon | coring | corked | corona | corker | corpse | cornea | corpus | corned | corral | corner | cortin | cornel | coryza | cornet | coshed | correl | cosher | corses | cosecs | corves | cosets | cosier | corset | coshes | cortex | cosies | corvee | cosset | coseys | cosign | cosmic | cosily | cosmos | costar | cotton | costed | corvet | coster | cougar | cotter | costly | couple | coughs | cotans | counts | coulee | coupon | course | couped | courts | cousin | coupes | covens | couths | covers | coving | covert | coward | byword | byways | bypath | bylaws | cycads | craals | crabby | cowboy | cowers | cowier | cowman | cowing | cowled | cowpat | cowmen | cowpox | cowrie | cowpea | coypus | covets | coyest | coveys | cozies | coyish | coyote | create | cradle | cracks | crafty | cramps | cracky | crafts | craggy | craned | crappy | cranes | craton | crania | craped | cranks | crated | cranky | crapes | cranny | crater | cravat | crates | crawly | cozily | cozens | creeds | cozeys | creeks | craves | crayon | craved | crawls | craven | cremes | craver | crenel | crazes | creaks | creche | creaky | credit | creams | creepy | credos | creamy | creels | creasy | creeps | creole | creped | crests | crepey | cretic | crepes | cretin | crewed | crimea | crewel | crimes | cringe | cricks | crimpy | criers | crisic | crimps | critic | crises | croaks | crisis | crocks | crisps | crocus | croaky | crispy | crosse | crofts | crosby | crones | crotch | crooks | crouch | croons | croupy | crowds | cruddy | cruets | croups | crowdy | crumby | cruder | crowed | crudes | crower | cruxes | crowns | crumbs | cruise | crummy | crunch | crumps | crusty | crutch | crusts | crypto | crying | crypts | cubits | cubage | cubebs | cubing | cubers | cubism | cubans | cubist | cuboid | cubics | cueing | cuesta | cupola | cuddle | cudgel | cuddly | cumuli | cumber | cuffed | culler | culpae | culled | culpas | cullet | cultic | culver | cupped | cunner | curbed | cupper | cupful | cupids | cupric | cummin | cumins | cuppas | curers | curacy | curber | curara | curded | curare | curets | curari | curdle | curfew | curate | curial | curled | curiae | curler | curing | curlew | curios | cuckoo | cursor | curies | curran | curium | curred | curtly | currie | cursed | curtsy | curser | cusped | curses | cuscus | curves | cussed | curter | cusses | curved | cuspid | cusser | curvet | cutest | cuties | curvey | cutely | cutins | cutesy | cutlas | cutoff | cuteys | cutler | cutout | cutter | custom | cuttle | cutlet | cutups | datums | dachas | dacoit | dacron | dactyl | dafter | dabbed | dadoes | dagger | dadoed | dagoba | dahlia | dakoit | dagoes | dakota | dainty | daftly | dabble | damage | dammed | daemon | daimyo | daises | daimon | dammer | dalles | cycles | cygnet | cyanic | diadic | deaden | dampen | damask | damned | damply | damner | damson | damnit | damped | dancer | damsel | danced | damper | dances | dallas | daleth | danish | dander | dangle | daniel | dandle | danged | dankly | danger | danube | danker | darkie | dapple | darkly | darers | daring | darked | dapper | cypher | cycled | cypres | cycler | dealer | darker | darvon | darkey | darwin | darkle | darned | dasher | darken | dashed | darnel | dashes | darner | daubed | darter | daubes | darted | dauber | daunts | daters | datcha | datary | dating | datsun | dative | datura | demure | deairs | davies | dawned | dawdle | dayfly | daybed | daylit | dayton | deacon | deader | deafly | dearer | deadly | deafen | dearie | deafer | dearly | deaths | dearth | deathy | debtee | debark | debbie | debars | debone | debits | debase | debris | debate | debtor | debugs | decals | debuts | davits | dazing | dazzle | decile | decamp | deceit | decade | decent | debunk | decant | decide | decays | decked | decoct | decker | decode | deduce | deckle | decors | decree | decoys | defats | defeat | deduct | deface | defend | deeded | deejay | deemed | deeply | defile | defect | defame | defers | defied | deepen | defier | defoam | defies | deeper | deflea | define | defogs | defray | deform | defter | defuse | deftly | defuze | degree | degass | degerm | degums | deices | deific | deiced | deigns | deicer | deisms | delays | deists | delete | deject | delead | delfts | delict | deltas | delime | deltic | cystic | cyanin | cyclic | dyadic | dermic | dennis | delves | delist | delude | delved | deluge | delver | deluxe | demise | cymose | cyborg | inborn | dehorn | demean | demand | demits | dement | demobs | denies | cynics | cyclos | cyprus | estrus | eaters | dicers | demurs | demode | dengue | demote | denude | denial | denned | denims | demons | denote | denied | dental | denier | dentin | denser | deodar | denver | detour | deport | depend | dented | depths | depart | deploy | depict | depose | deputy | derats | depute | deride | derail | derive | dermal | derris | depots | dermas | deters | dermis | detail | desalt | descry | desand | desert | design | despot | desire | devils | desist | detect | detain | detent | detach | detest | devein | device | devest | devoid | deuced | dewier | deuces | dexter | devoir | devise | devour | dewool | devote | deworm | devout | divert | dimout | dibbuk | dictum | diadem | dialog | diaper | diatom | dialed | dholes | dexies | dewily | dewlap | dewing | divine | dezinc | dicing | dicker | dibbed | dialer | dickey | dibber | didies | dicots | dicier | dickie | dibble | dilate | diddle | didoes | diesel | dieing | dieses | differ | dieted | digger | digamy | digest | digged | dieter | dimmed | dimers | dights | dikers | digits | diking | dikdik | dildoe | dimple | dilute | dildos | dinars | dinged | dimmer | dimity | dimwit | dimply | dingey | diners | dinghy | dining | dingle | dinkum | dinned | dingus | dinner | diodes | dhotis | dioxin | disown | dipody | diplex | dinted | dipper | dipole | dipped | dirges | direct | dirked | direly | dirndl | direst | disuse | disarm | disbar | disced | dismal | discos | dished | discus | disked | dismay | dishes | distal | dismes | dither | disney | djinny | doings | djinni | domini | diving | divers | dittos | divans | dhyana | dharma | dwarfs | dobras | dobber | doable | dobbin | dobies | dobson | doblas | dodges | docked | docent | divest | divide | divots | dodoes | docker | docile | docket | doctor | dodder | doffed | dodger | dogear | doffer | dodged | doggie | dogdom | dogeys | dogged | dogmas | dogger | dognap | dogies | doling | dogleg | dollar | dolmen | dollop | dolman | dolled | dolors | donees | donald | domain | doming | dopant | domino | dopier | dolour | donors | donate | donjon | donkey | donnas | djinns | doyens | donuts | donned | doodad | doozer | doodle | doomed | dories | dopers | doping | dotier | dosing | dosage | dorado | dormer | dorsal | dossed | dispel | dosser | dosers | dotard | doting | dotage | doters | dosses | dotted | dourer | double | doughs | doubly | dottle | douche | doubts | dought | dourly | doused | dotter | douses | doughy | douser | downed | dowels | dowing | dovish | doxies | dowers | downer | dowery | dowsed | dozier | dowses | dozens | dozily | dozers | dozing | drains | drably | drachm | drafts | draggy | drakes | drafty | dragon | dramas | draped | drawls | draper | dowser | drawer | drivel | drapes | drawly | drayed | driven | driers | dreads | dredge | dreams | dreggy | dreamt | drecks | czechs | ejects | eclats | ducats | drifts | driest | dressy | dreidl | dreamy | drench | dreary | drifty | drills | drippy | drinks | driver | droned | drives | droits | drogue | drolls | droner | drolly | drones | droopy | drongo | drools | dropsy | droops | drossy | droved | drowns | drover | drownd | droves | drowse | drudge | druids | dryers | drunks | dryads | drupes | dulses | dubbed | dublin | dually | dueled | dubber | ducked | ductal | ducker | duffel | ducted | duckie | dubbin | dumbed | dueler | duenna | duello | duffle | dumbly | dumdum | dugout | dulcet | duffer | dulled | duluth | dudish | duping | dupers | dunces | duller | dumped | dundee | dumber | dunged | dumper | dunked | duplex | dunker | dupped | dunner | dusked | dustup | fustic | dusted | duties | dunned | duster | durned | duress | dryest | drowsy | flossy | feisty | exists | edison | edible | dyable | dybbuk | hubbub | fubbed | fabler | eagles | earned | eaglet | eagers | earths | earful | earing | drying | drylot | harlot | enroot | effort | efface | effigy | easily | earthy | earner | earwax | karmas | edemas | eddies | easier | easels | easing | during | durums | fugues | endues | easies | eating | dyeing | dugong | dyking | ebbing | elaine | edging | eddied | echoed | ecoles | echoer | easter | easers | egress | edgers | eatery | dupery | expert | effect | efflux | effete | egrets | edicts | edited | edgier | editor | elater | eelier | eclair | echoic | ebcdic | emetic | emeers | elects | educes | echoes | egises | eggers | eggcup | egging | edgily | eighty | either | eerier | eloper | elapse | effuse | elfish | egoism | elvish | egoist | eldest | eiders | eidola | emboli | elbows | elands | elated | educed | edward | embark | embeds | elders | elates | eleven | elided | elicit | elides | elfins | elites | elijah | elixir | elmier | eloped | eluder | elopes | eluded | emceed | embers | embalm | embody | echoey | eulogy | energy | encage | emerge | embryo | embank | emblem | embars | elvers | eludes | educts | eights | emmets | embays | emcees | emboss | emends | embows | emmies | emoted | emptor | emotes | ensues | enacts | ejecta | errata | enrage | enable | enamel | eiffel | eyeful | ensoul | encode | dynode | dynamo | monaco | gonads | farads | fables | exiles | enates | emoter | envier | enamor | enatic | endrin | endear | ending | enders | encore | emigre | endure | empire | employ | epilog | eggnog | erenow | elevon | epigon | enigma | eczema | enzyme | encamp | encina | encase | endive | endows | endued | enfold | enface | engine | enfant | encyst | engirt | enduro | engird | engage | engild | eerily | enmity | enlist | enlace | enrapt | enrich | enmesh | ennead | enemas | engram | engulf | ennuis | enjoin | enrobe | enjoys | enroll | ensile | enrols | enters | ensure | enough | ensign | ensued | entree | entail | entice | entomb | entire | entrap | entity | envied | envois | ergots | eighth | eolith | eonian | espial | eolian | fabian | fabled | exiled | erased | erodes | envies | equips | equate | ersatz | erects | epochs | epical | epizoa | seizor | fervor | factor | facade | escape | eocene | equine | equals | equity | eructs | erases | ericas | eroses | erotic | eroded | eraser | esther | espied | eschew | escarp | escrow | escars | errors | envoys | essays | espies | eskimo | escudo | escort | esprit | estray | enwrap | extras | esters | estate | esteem | estops | estrin | extern | ethers | etches | ethics | ethane | ermine | erbium | erring | earwig | faring | eyeing | eterne | etoile | ethene | ethnic | ethyls | etudes | erupts | events | evades | evened | etched | euchre | etcher | evader | evoked | evener | evaded | eviler | evicts | evilly | evince | evenly | everts | evokes | evolve | evoker | flaker | fainer | facies | eyries | exudes | exacts | exarch | eunuch | grouch | french | fiance | faunae | facial | facers | excels | exalts | excess | ernest | dynast | finest | fanjet | faeces | facets | facile | excise | exceed | euclid | exilic | exited | exotic | exodus | exedra | exacta | excite | except | excuse | exhale | exhort | exempt | exerts | expels | expand | errant | extent | eugene | eureka | europe | evzone | expose | exhume | expire | expect | extant | errand | expend | export | extoll | extend | exsert | insect | iciest | fewest | ferret | faired | fabric | fairer | faerie | faille | facula | faceup | facias | faders | fading | fakirs | facing | family | fakery | fairly | failed | faints | dyings | feints | fagots | fagged | fakeer | faking | fakers | faiths | falter | falcon | faggot | fallow | falser | fanged | fallen | falsie | faller | fanned | fandom | fanner | fantod | farced | farers | famous | famine | faqirs | faming | feline | farina | famish | fating | fatale | father | faquir | farcer | faroff | farces | farrow | fantom | farted | fasces | farmed | fashes | farmer | fashed | fascia | fasted | fauces | fasten | faucet | faster | fauves | fatsos | fatted | fathom | fatten | fatuus | fatter | favour | fawner | faunal | faults | favors | faunas | faulty | exults | extols | exurbs | exuded | fended | fawned | feared | fealty | fearer | feasts | feater | felled | fecund | feeing | feeble | featly | felony | fedora | felons | feists | fellas | feeler | eyelet | eyecup | eyelid | foetid | felted | feeder | feebly | female | felloe | ferule | femurs | feigns | femmes | feller | fenced | fervid | ferrum | estrum | luteum | labium | habile | fusile | fescue | fencer | fessed | fences | fermis | fesses | fender | fetted | fennec | ferric | fibril | ferris | fetors | extort | import | ichors | floors | femora | fevers | feyest | fetish | fellah | festal | fennel | fester | fettle | feting | fetter | feuded | fezzes | fibres | fibula | fibbed | fezzed | figged | fibber | fibers | fibrin | fierce | fiasco | fiesta | fields | dwells | frills | filles | fellow | filled | fiches | fickle | fichus | fiends | fifers | fifing | fifths | fights | figure | fiddle | fidget | filler | filers | filial | feudal | finial | filing | filets | fillet | filius | fillip | filmed | filths | filmic | filter | finked | finale | finder | finals | finery | filthy | finely | finger | fining | finnan | finish | finned | finite | firing | firers | firkin | firmed | firsts | firmer | firths | firmly | fixity | faxing | forint | faying | gamine | fazing | fizgig | fistic | fiscal | fished | fitter | fishes | fitted | fisher | fizzed | flaked | fisted | fizzer | flamer | flabby | flacks | flaggy | flacon | flails | flagon | flairs | fivers | fixups | fixate | fixers | fixing | foxier | flayer | flambe | flakes | fizzes | flames | flange | flamed | flanks | flappy | flared | flashy | flares | fjords | flirts | flasks | flatly | flaunt | flatus | flavor | flawed | flexes | flayed | flites | flaxen | flexor | flaxes | flecks | fledge | flecky | fleece | fledgy | fleche | fleecy | flense | fleers | fleshy | fleets | fletch | fleury | flexed | flooey | fleyed | floret | fliest | flicks | flight | fliers | flimsy | flinch | flirty | flings | flitch | flints | floaty | flocks | floozy | flinty | floats | flocky | floods | floppy | florae | dvorak | floral | flours | florid | floury | floras | flowed | florin | flouts | flower | fluked | fluent | fluffs | flukey | fluids | fluffy | flukes | flunky | flumed | flunks | flurry | flumes | flybys | fluors | fluted | flymen | fluter | foamer | fobbed | fluxed | foaled | fodder | foamed | foeman | foehns | foemen | flyman | flyers | flutes | foetus | fogeys | fogged | folder | foetor | fogger | foiled | fogies | fluxes | forces | foists | foible | fizzle | fondle | folded | foliar | foetal | footed | fonder | fontal | fonded | footer | foozle | fondly | folksy | folios | forays | forbad | fooled | follow | forgot | foment | foreby | forage | fondue | forded | foredo | forbid | fopped | forcer | fordid | forego | forced | forest | forged | formal | forger | format | forges | formic | forget | fortis | forked | forums | forker | forwhy | flyway | flying | gaging | foxing | gaming | frying | frails | foxily | freely | foully | fought | dwight | naught | fright | freest | freaks | fracas | framed | former | fosses | formed | foster | forsee | fossil | foveal | fossae | fussed | fouled | fortes | fouler | founds | fourth | fruits | frames | franca | framer | fowler | frater | france | frauds | franco | frappe | francs | founts | foyers | foveae | freeze | freaky | franks | frauen | freres | frayed | fowled | fudged | frigid | friars | friday | frenzy | fresco | frenum | fresno | friend | friary | fridge | friers | frilly | frieze | fringy | frisks | fringe | frisky | frivol | frizzy | froggy | frocks | frolic | fronds | frosty | froths | frowsy | fronts | frothy | frosts | frowzy | frozen | frowns | frumps | frugal | fruity | gluily | gadfly | gabble | fumble | fumers | fudges | fuddle | funded | fueler | fugged | fuhrer | fueled | fumier | fugued | fuller | fulcra | fulfil | fitful | ireful | hatful | handel | funnel | fulled | funker | fungal | funked | fungic | funned | fungus | fumets | fryers | frypan | keyman | gagman | gagers | gabbro | gabled | furled | furore | furies | fuming | fusils | furors | furler | furrow | furzes | fusels | fusing | fusees | furred | fusser | fusion | fusses | fuzils | fuzzed | fuzing | futile | gurgle | gamble | gabbed | gadder | gables | gadded | gabber | gadget | gaffed | gagger | gaffes | gagged | gaffer | gagmen | gaggle | gainly | gaited | gaiety | gained | galley | gaelic | galled | gainer | ganged | gaiter | gainst | galoot | fylfot | gambit | gallic | galaxy | galena | gallon | galops | gallop | galore | gallup | galosh | gallus | gambas | cymbal | gambol | gamely | gamier | gamest | gamily | gamete | gamins | gammer | gamuts | gammon | garden | gandhi | ganefs | gammas | ganevs | gander | gangly | gannet | gantry | ganger | gaoled | ganges | gaoler | gapped | ganser | garbed | garage | garcon | garble | garish | gaping | gapers | garths | gargle | garlic | garner | gashed | garnet | gasher | garret | gashes | garter | gasket | gasbag | gasify | gaslit | gasman | gasped | gather | gasmen | gauged | gasper | gauges | gassed | gatsby | gasser | gauzes | fuzzes | glazes | gasses | gauger | gauche | gavage | gavels | gayest | gazebo | gaucho | honcho | hondas | goddam | goaded | gawked | geared | geezer | gawker | geiger | geegaw | geeing | genial | gemini | gating | grains | gazing | gazers | fuzees | gelees | geckos | genies | gelded | genres | gelder | geodic | gender | gelled | geodes | genius | genera | geisha | geneva | genome | gentil | gestes | gentle | george | geoids | getups | gerund | gerbil | gerald | gently | getter | gentry | dextro | hetero | halers | gibers | giants | gavots | gayety | ghosty | ghetto | ghosts | glints | glaces | gigues | ghouls | gimels | giggle | gillie | giblet | gibbon | gibing | gibbed | gilder | geyser | germen | girded | gibber | gifted | gibbet | gigged | gigolo | gingko | giggly | ginger | gilded | giddap | gimbal | gimlet | ginned | giller | gimped | ginner | gilled | gipper | girted | girdle | girths | girder | gipped | glared | gladly | glaive | glades | glamor | gismos | givens | gizmos | givers | giving | grainy | glassy | glance | glares | gleams | glands | glazed | glider | glibly | gleamy | glitzy | glided | glazer | glides | gleans | globes | gloomy | gloats | global | gloggs | globed | glooms | gloria | glossy | gloved | gluier | gloves | gluers | gluing | glumly | frumpy | frusta | grists | gnoses | glover | glutei | glitch | gluten | glowed | gnawer | gnarls | gnawed | glower | gnomes | gneiss | gnosis | gnomon | german | gewgaw | guffaw | goffer | goaled | gobbet | goatee | gobbed | goblin | girlie | goodie | gnomic | goonie | gobble | goalie | goblet | godwit | godson | golden | gobies | gofers | goboes | goings | goiter | goethe | goggle | goitre | goners | gombos | golems | golder | gonged | goggly | gnarly | goodly | goober | golfed | gooder | googly | goofed | goodby | googol | glycol | glyphs | grapes | gooses | golfer | gooney | gopher | goosed | gorger | goosey | gorged | gooier | gonifs | gonoph | goyish | gorier | gorals | gonofs | gorges | gorily | gorget | goring | gorgon | gorses | gospel | gossip | gothic | gotten | gouged | gourde | gouger | gourds | grands | grabby | graals | graben | grafts | graced | gowned | gouges | graces | graham | graded | grails | grader | gramme | grades | grammy | grande | gramps | grange | graphs | granny | grasps | gratae | grants | grassy | grated | grayly | grater | gravid | grates | greats | gratis | graved | gratia | gravel | gratin | graver | grebes | graven | greyed | graves | greeds | grazes | greeks | grease | greedy | greave | greens | greasy | greece | gremmy | greets | greyer | grazed | grides | grayed | greyly | grayer | grided | grazer | grimed | griefs | greeny | grieve | grifts | grille | grimes | gringo | ginkgo | kinked | gunned | griped | grills | griper | grimly | grinds | gripey | griots | grippe | grisly | gripes | gritty | groats | grocer | groans | groggy | grippy | groovy | groins | groove | groped | grooms | groper | grotto | gropes | ground | grovel | groups | groved | grouse | groves | grouty | grower | grouts | growly | grubby | grudge | gruels | gruffy | grumps | growls | gruffs | grumpy | grunts | growth | pronto | ironed | hooded | guided | guiana | guider | guilds | guanos | guests | guards | guanin | guavas | guides | guilty | guidon | guiled | guitar | guiles | gulden | guinea | guilts | guised | gullet | guises | gulfed | gummer | gulled | gunmen | gulley | gummed | gulper | gunnel | gulped | gunner | gundog | gumbos | gushes | gunsel | gunman | herman | harden | hacked | hadjee | hacker | hadjes | habeas | hadjis | habits | hading | guying | haling | gyring | gyrate | horace | harass | haggis | hackie | haggle | hackee | haddie | hackle | halide | hairdo | hadron | haired | hafter | gutter | gurney | grungy | jaunty | haunch | hallah | hailed | hajjes | hafted | gusted | gypped | gushed | hashes | gusher | gutted | gusset | hissed | hagged | hailer | halloa | halest | halite | halloo | haloed | hallos | hajjis | haloes | hallow | halted | halvah | halter | halvas | hangar | hammer | halved | hamlet | halves | hammed | hanger | handle | hackly | hanked | hamper | gypper | gypsum | lapsus | hawses | handed | hangup | hanker | hansom | hanged | hankie | hansel | haoles | happen | harder | harems | harbor | hardly | hareem | haring | gyving | hating | hatbox | harrow | harked | harris | harken | harold | harlem | hashed | harmer | hasped | hassle | hasted | harper | hasten | harmed | hastes | harped | hatpin | haters | hatred | hauler | hatted | hawker | hauled | hatter | hawked | hawaii | havana | guyana | humane | hexone | hearse | headed | health | header | hawser | hawing | havens | haunts | havers | govern | homers | hazels | havocs | having | hazier | haying | hayers | haymow | hollow | helios | hearts | healed | hearth | healer | heaths | heaped | heathy | hearer | hector | heated | hebrew | heater | hectic | heckle | heinie | heifer | heaved | hedger | heaven | hedged | heaver | hedges | heeded | heaves | heeder | heehaw | heeled | hefter | heiled | height | heired | heeler | hefted | heller | helium | hegira | hernia | hejira | hewers | heists | hellos | helmed | helots | helled | hemmer | helped | heptad | helved | hempen | helmet | henbit | hennas | helves | hemmed | helper | herded | herbal | hepcat | hermit | herald | hazard | hazily | hazers | hazing | hominy | hewing | herons | henrys | hermes | hereat | herder | hereby | heroes | herein | herpes | hereof | heroic | hereon | hexers | heresy | heroin | hereto | hirers | hiatus | hiccup | hickey | heydey | hidden | hiders | hiding | idling | hexing | hexads | hexose | gyrose | impose | ignore | honors | hikers | hights | higgle | higher | hilled | hinder | hilted | hiatal | hinted | hiller | hinged | hindus | hinger | hipped | hinges | hipper | hispid | hippos | hisses | hinter | hoaxer | hisser | hocker | hither | highly | holily | hobble | hoagie | hippie | hogtie | hoarse | hoaxed | histed | hitler | hogger | hitter | hokier | hiking | imping | hieing | inking | hiring | inning | hiving | irking | hoeing | hogans | hexane | hexyls | hotels | hoards | hoboes | hobbit | hobnob | hoboed | hoaxes | hocked | holden | hockey | hogged | hognut | holdup | holier | hoking | hokums | hodads | hoists | holies | homily | holing | holder | holism | holler | holist | holmes | homier | homage | homely | hombre | homing | honied | honers | honing | honest | honked | honeys | honker | hoofed | honkey | honour | honkie | hookah | hoodoo | hooeys | hoofer | hookas | hooped | hookup | hooper | hoorah | hooked | hoopla | hooker | hooray | heyday | howdah | hootch | hookey | hopped | hooter | horded | hoover | hordes | hooted | hopper | hooves | hopers | hoping | hosier | horned | horary | horner | horrid | hornet | horror | horsed | hostel | horses | hosted | horsey | hostly | hosing | hotdog | hotbed | houser | hotkey | hotbox | hotted | houses | hotter | hotrod | houris | housed | hounds | hourly | hovels | hoyles | hovers | humeri | hugely | huddle | guzzle | guerre | future | immure | illume | illest | hugest | hugged | howled | howdie | howler | hoyden | howlet | hulled | hugger | huffed | huller | hummed | humans | hubris | hubcap | hurrah | hurdle | humbly | hummer | hulked | hullos | hudson | hussar | humour | humble | humors | humbug | humped | hunger | hurled | hunker | hungry | hunted | hurler | hurray | hurter | hushed | hunter | hurtle | hutted | hushes | humphs | huzzas | hutzpa | huzzah | mullah | lulled | husked | hustle | husker | issuer | ickier | icemen | ibexes | iberia | inerts | ideals | idioms | ibices | icicle | icecap | icebox | iceman | indian | incise | ignite | ideate | idiots | ibises | icings | iconic | hypnic | hybrid | hydrae | hyenas | hydros | hymens | hydras | hymnal | lienal | kidnap | kickup | kippur | kappas | japans | iowans | iguana | impala | imbark | imbeds | idlers | idylls | impels | images | imbued | imaums | imaged | imbues | imbalm | imbibe | imbody | idiocy | odious | joyous | jabots | ingots | igloos | indoor | inaner | iffier | immies | iambus | jambed | hymned | hyphen | hyping | hyaena | hysons | hypoed | kayoed | jabbed | inbred | imbrue | immune | immesh | idlest | impost | impair | impede | impact | impend | impale | impish | impart | impugn | indign | incite | impute | indite | incase | incept | inched | inanes | incurs | impure | induce | income | incest | inches | incubi | induct | indeed | indict | indows | indent | indies | infers | indues | indigo | indued | indium | influx | infamy | infect | infirm | infant | inflow | infest | infold | infuse | inform | inhere | ingate | ingest | ingles | ingulf | inhale | injure | inject | injury | inhume | inhaul | inlaid | inlets | inkles | inkpot | inkers | inkier | inside | inlier | inland | inmate | inlays | iliads | invade | insole | inmost | inroad | inrush | inputs | innate | inners | inmesh | inseam | insane | insert | insoul | insets | insist | instal | insult | instep | insure | instil | intuit | intake | intend | intact | intern | intomb | intent | intros | intone | inters | inures | irades | ibidem | iridic | iambic | irenic | ipecac | operas | lauras | inurns | invent | invite | invert | inturn | inward | inured | irised | irater | iraqis | irides | ironer | irises | issues | irones | isomer | isogon | isobar | isaiah | isling | iodine | ionics | iodide | ionium | iodize | judice | jading | jiminy | japing | jadish | jawing | jewish | jewels | jacals | jackal | jaguar | jabber | jacked | itched | issued | island | islets | juleps | jalopy | jangly | jagged | jacker | jailed | jacket | jagger | jailor | jammer | jarred | jailer | jammed | itemed | itches | ixtles | joules | jaunts | japers | jazzes | jasper | jaycee | jackie | jangle | jargon | jarful | larrup | labour | kabobs | kabala | kabuki | kahuna | kaputt | kapoks | kafirs | kadish | judith | jubile | jibing | jibbed | jazzed | jaygee | jazzer | jayvee | jinnee | jibber | jeerer | jelled | jennet | jeered | jerker | jerboa | jerked | jesses | jesuit | jejune | jewing | kiting | joking | jocund | jobbed | jessed | jetsam | jersey | jerkin | jordan | jovial | jiving | keying | juking | julius | judges | jigged | jested | jilter | jetted | jetsom | lesson | hyssop | lassos | josses | jester | jigger | jigsaw | jiggle | jogged | jiggly | jitney | jilted | jinxes | jibers | japery | jokers | jockos | jocose | ionise | iscose | invoke | invest | lamest | labels | kevels | kebabs | karats | kalifs | kanjis | kaffir | kaftan | kalpas | kaliph | latish | labial | labors | jurors | juices | joined | jinxed | jingle | jostle | jolted | jitter | jobber | jockey | jogger | joshed | joiner | johnny | joints | jnanas | juntas | jonahs | jihads | kneads | kayaks | kansas | kaiser | juicer | jolter | joshes | joists | karsts | jousts | jounce | joggle | jingly | juggle | judged | jotted | josher | joseph | joshua | jojoba | jujube | jugula | jugful | jugged | jowled | jotter | judder | judaic | hydric | madrid | kidvid | kedged | judger | juiced | jumper | jumble | jumped | jumbos | junior | juneau | juncos | jungle | junked | jungly | junker | juntos | junket | juries | justed | kilted | jutted | justle | junkie | kookie | kaolin | kansan | kashas | kayoes | kebobs | kazoos | kendos | kedges | keeled | keenly | keeler | kelped | keener | kerbed | keeper | kelpie | ketone | keloid | keened | kegler | kenned | keypad | kerfed | kennel | keyset | kerned | kicked | kidder | killed | kicker | kidded | killer | kidney | kernel | israel | irreal | irrupt | prompt | permit | karmic | karate | keyage | kettle | keltic | kilter | juster | kisser | kilned | kiltie | kelvin | kinhin | kiddie | kibble | kibitz | kibosh | kimono | lemons | ladens | lacing | joying | joyful | lapful | laical | lairds | lacers | kiters | kefirs | kraits | kevils | kneels | knacks | khakis | knaves | kisses | kiddos | kinder | kinema | kindle | kinged | kindly | kirtle | kingly | knolly | knocks | knells | knifes | knight | knifed | kirned | kipper | kismet | kishka | kiosks | kirsch | kissed | kitsch | kitted | lasted | laager | lacked | lacily | lacker | lactic | lacier | labile | laddie | laders | ladder | lackey | lacuna | koruna | korean | koalas | khalif | italic | ironic | kronen | kitten | kraken | klaxon | klatch | klutzy | kludge | lounge | jouncy | launch | lauded | ladies | kyries | knives | knolls | knobby | knouts | knower | knotty | knowns | knucks | knurly | loudly | lamely | lagers | ladles | lading | ladled | ladron | ladler | lagged | lagoon | lagger | laguna | laking | lakers | lahore | lambie | lameds | lambed | lakier | laired | lamber | lament | lambda | lamias | kumiss | jurist | lariat | lamina | lammed | laming | lamped | lancer | lanais | lanced | landau | lances | langur | lancet | lankly | landed | lapdog | lander | lapped | lanker | lappet | lapels | kopeks | kulaks | kraals | knurls | krills | krafts | krises | knifer | kosher | kopjes | kopeck | kodiak | medial | lethal | larval | larded | lapper | laptop | lapsed | larder | lapses | larger | larums | larked | lapser | larges | larvae | largos | larker | larvas | larynx | lasing | lascar | lasers | isseis | itself | ousels | justly | lusted | lasher | lassie | lashed | lastly | lashes | lateen | lasses | latens | lathed | laster | lathes | lately | lather | latent | latten | latest | latino | latter | latins | latvia | lithic | lentic | lector | leader | lawyer | laurel | laughs | lauder | lawmen | lawful | lawing | lavish | lavabo | lavers | lavage | laving | laxity | laxest | layers | laying | layman | layoff | laymen | layout | mayest | likest | liaise | league | leachy | kwacha | peachy | leanly | lazily | lazars | izzard | mozart | lizard | lazied | lazuli | lazier | leaker | learns | leaded | learnt | leaden | leasts | krauts | orangs | lianas | leaned | lecher | kuchen | leches | lazies | leases | ledger | leafed | ledges | leaked | lefter | leaped | legend | leased | legmen | lawman | lemmas | leaves | leered | leaner | kroner | leones | leaper | legged | leaser | lenten | leaved | lender | leaven | legion | legacy | leeway | legman | legals | legume | legato | lemans | legate | length | legits | lemurs | lemony | lenity | lensed | leaver | lenses | lentil | lepton | lepers | lentos | lesion | lessee | lethes | lessen | letted | lesser | leveed | letter | lessor | levier | levant | levees | letups | levels | levied | levers | levity | lewdly | liefly | liable | lianes | levies | lewder | libber | libels | libbed | libers | libido | libras | lichis | licked | lictor | lichee | lidded | lichen | lieder | lifted | licker | lieges | libris | lifers | lifter | lienee | ligate | highth | nighed | lights | lignin | lienor | kronor | orator | mentor | linter | lilied | liefer | lilies | likens | lilacs | hijack | linacs | likers | liking | likely | limens | limbed | limeys | limber | lilted | limier | limbic | liming | limbos | limned | lignum | limner | limits | limped | linden | limper | linear | linage | lineal | linger | limpet | linier | linens | lingam | lineny | limply | linsey | liners | lingua | lining | lineup | lingas | linked | limpid | lipper | linnet | linkup | lintel | lipped | linker | liquor | lisbon | lisles | lipids | lipase | litany | litchi | liters | lither | lisped | liquid | listed | lissom | lisper | litres | listen | little | lister | livres | lithos | litten | litmus | litter | loader | loathe | loaded | lobber | loafed | locker | loamed | llamas | loaves | llanos | loaned | locket | loafer | lobbed | kobold | lobule | locals | locked | loaner | locoed | locale | lockup | locate | locoes | locust | livest | living | lively | logily | logans | livens | loners | livery | lonely | logway | keyway | mayday | madcap | madame | macaws | macing | loping | logics | lodges | lofted | lodger | loggia | lodged | lofter | logged | logjam | logger | lolled | logier | loggie | longed | loiter | longes | loller | looked | longer | london | lollop | lookup | longue | ionize | louise | lories | loofas | looker | loofah | loomed | lopper | looney | longly | loungy | lordly | koruny | lorans | looses | lopers | lopped | loosen | lorded | looper | losses | looped | isopod | pooped | looser | lotted | lotion | losing | losers | lottos | kowtow | lowboy | lovely | livers | lowery | louvre | louden | loosed | louder | looted | louies | looter | louped | lucked | loused | luffed | louted | lugged | lubber | louver | lugger | lucres | loupes | lovers | louses | lowers | lowing | lowest | loquat | nonfat | monday | mangey | lunged | lumber | lumens | lucern | lucite | lucent | luckie | ludwig | luring | lunier | lumbar | lumina | lazing | lupine | loving | lovage | lunate | lunger | lumped | lummox | lumpen | lungee | lumper | lunges | lunacy | lunets | lunker | lunars | lupins | loxing | lowish | lutist | lunies | lurers | lurked | lusher | lustre | lushed | lurker | lushes | lycees | lyings | lymphs | lynxes | lychee | luther | lushly | luster | kultur | kalium | magnum | maenad | madded | madams | macers | macron | macula | machos | madras | madden | magnet | madder | madman | madres | mafias | macros | maggot | magics | lyrics | lyrate | lyrism | lyceum | museum | makeup | mahout | majora | maffia | maggie | magmas | madmen | maguey | magpie | magyar | mailer | mainly | maiden | maitre | mailed | mallow | malady | malice | making | luting | luteal | mitral | mammal | maimed | mallei | maimer | malled | maizes | majors | malays | makers | mambas | mammee | maline | lysine | lyrist | lysing | mating | malign | malawi | mallet | malaya | malted | mamies | mammae | mambos | mammey | mameys | mammie | manage | manchu | manana | manege | manful | manger | maniac | mammas | manges | manila | mangos | mammon | manioc | mangle | manias | manned | manics | manner | manors | manque | mannas | mantel | manure | manses | mantic | manual | mantes | maoris | mantas | maples | mantis | marges | mapped | mantid | maraud | mantua | maraca | mantra | marina | maoism | marine | mantle | marbly | marcel | mapper | marked | marble | margin | marish | marker | marlin | market | maoist | marmot | markka | marled | markup | maroon | marque | marred | marshs | marrer | marshy | marron | marses | marrow | marted | masher | marten | mascon | martin | marvel | martha | masted | martyr | masker | mascot | masers | mashed | masons | lysins | matins | mashes | masque | masked | mashie | massas | master | massif | matrix | mastic | massed | matter | masses | maters | matron | mateys | matted | mature | mattes | matzoh | maypop | matzos | mauves | maundy | mauled | mayhem | mauler | meager | mazier | mavins | maxima | maying | mavens | maxims | mayans | mayfly | mayhap | mayors | mayvin | merlin | meanie | meadow | mealie | meaner | measle | medals | meanly | mazily | maxixe | mazing | mazers | mazuma | mecums | medias | meddle | measly | medley | median | meccas | medics | medusa | medico | menace | mended | meeker | meetly | melody | meekly | meeter | melded | mellow | melder | melons | medius | kudzus | mucous | mesons | megohm | medium | menial | menads | melees | melton | mental | melted | member | memory | mekong | memoir | melter | mendel | menage | mender | meninx | menhir | mensal | menthe | mensas | merges | mensed | mentis | mensch | messed | mercer | menses | meowed | merger | merely | merged | merest | merino | merlon | merits | merman | mescal | meshed | mermen | meshes | metals | messes | meters | method | metier | methyl | meteor | meting | metred | mettle | metres | messrs | metros | micron | mickey | micros | mezzos | mezcal | mezuza | modula | middle | midair | midday | midges | miaous | miasma | miaows | midsts | midden | midgut | midleg | mewled | mewing | mewler | milder | midget | midrib | metric | miotic | milton | milady | midway | mighty | mignon | mights | miasms | milers | milage | mickle | mildly | milieu | miffed | mikveh | mikado | mikvah | minyan | milden | milord | mildew | minced | milker | minces | milked | mincer | milled | minder | milles | mimeos | miming | mimers | mimosa | mimics | mexico | mixing | minify | minded | miller | minted | millet | minter | miners | mingle | minima | minnie | minims | minnow | mining | minora | minion | minors | minuet | mirier | minxes | minute | mirage | miriam | mirror | miring | mirths | miosis | misaim | miscue | misact | misdid | miscut | misadd | misers | misfit | misery | mishap | misled | missal | misted | mislay | missed | misuse | misses | miters | missis | mister | missus | mitres | mixers | models | mizens | mixups | moguls | mobile | mizzle | module | modems | mochas | mobcap | mobbed | mitred | mizzen | mitier | mobber | moaned | mocker | moated | mitten | molted | moiler | mocked | moires | moiety | modern | modify | modest | modulo | modish | molest | molars | mohair | molder | moiled | molies | mollie | molded | moline | moloch | molten | monger | monads | mohawk | morale | monroe | moneys | moment | momism | mommas | mondos | mongst | monied | molter | monies | mongol | monish | monkey | mockup | morgue | moonie | mooing | monism | monody | monist | montes | moolas | months | mooted | moolah | mooned | mopier | moored | mopper | mopeds | moping | mopers | mopish | mopped | mooter | moppet | morpho | morals | morbid | morass | morgan | morays | mormon | morels | morose | morphs | morrow | morons | morsel | morris | mortal | mostly | mizzly | murkly | mucked | mossed | mortem | mosser | mortar | mother | moslem | mosaic | mnemic | muonic | muffin | moulin | mortis | moseys | moscow | mosque | mosses | motels | motion | motets | motile | motley | motifs | mottle | motors | motive | mottos | moulds | moujik | mouldy | mounts | moused | moults | mouser | mounds | mousey | mourns | mousse | mouths | movers | mouses | mouthy | munchy | mudcap | mudded | muches | movies | mowers | mowing | moxies | moving | murine | muddle | mudras | mudder | muffed | mucker | mugged | mulier | mulcts | muftis | muffle | murals | muleys | muling | mulled | mugger | mullen | mukluk | muller | mulish | mullet | mummed | mumble | mummer | mushed | mumper | murmur | muring | munich | musing | muscat | musers | muscle | musher | mumped | murder | murphy | murker | mushes | muscly | musics | muskeg | muslim | musket | muslin | mussed | muskie | mussel | mutter | musses | mutuel | musted | mutton | muster | mystic | myopia | mythic | muzhik | muzzle | mutate | mutely | mutant | kuwait | outfit | mutest | muting | mutual | mutiny | notify | nation | nadirs | nabobs | nabbed | nacres | nagged | nailer | nacred | nagger | nailed | naiads | namers | naming | namely | napalm | napery | napkin | nannie | nances | napped | natter | naples | nappie | native | natant | nasals | nappes | myopes | mynahs | mythos | myrrhs | myriad | myrtle | myself | resell | jekyll | rebill | nebula | nearly | neaten | nearby | neater | napper | narked | narcos | narwal | narrow | neuron | mouton | newton | natron | nature | nebule | neatly | neared | needer | necked | nearer | nectar | nested | nephew | needed | nereid | neoned | nerves | navies | nausea | nautch | kvetch | preach | paeans | obeahs | obeyed | obiter | nester | nerved | nereis | navels | navaho | nevada | navajo | pavane | octane | notate | nettle | negate | needle | nettly | nestor | nelson | nippon | niacin | nieces | nibbed | netted | nestle | netter | nextly | neuter | neural | normal | nonmen | nobler | nether | niched | nicely | newels | neighs | ninths | niches | nicest | nicked | nicety | nickel | nigher | niggle | nights | nihils | nibble | nimbus | niseis | ninety | nimbly | nickle | nobble | nipple | noddle | nimble | nodule | nodded | nilled | nicker | nipped | nitres | nipper | nixies | niters | nitric | noetic | noggin | noesis | nobles | nobody | nomads | noires | nitros | nitwit | nutlet | nudest | nudged | nocked | nodder | noised | nonces | nonage | noncom | nomism | mutism | nazism | newish | newark | newest | nowise | noodle | noosed | nosher | noises | normed | nonman | nonego | noters | nooses | norths | nordic | norman | notion | nosier | notice | nosily | nazify | nudity | nighty | oughts | octets | obsess | oaters | oakums | occurs | oceans | ocelot | occult | octant | obtain | oblate | oblong | nylons | nymphs | pampas | oomphs | nympho | sylphs | palpus | pablum | paella | paddle | padres | nudges | noshes | nooser | noshed | nosing | noster | nudger | nuclei | nudies | nubile | novice | noting | notary | norway | notchy | nought | nounal | phonal | palpal | paisan | ohioan | oilcan | oilers | ochery | occupy | octopi | octads | ochers | ochred | oinked | odored | ochres | octyls | octave | obtuse | oblige | oboist | nudist | nubias | nubbin | nudnik | nuance | nubble | nozzle | novels | noways | pokeys | pacers | offers | odours | odeons | odessa | oddest | object | oftest | offcut | offals | offend | office | oafish | oaring | nixing | offing | offpay | offish | offset | omelet | obeyer | oilier | ogling | oglers | onsets | ogress | oldest | oddish | nudism | nudely | nuncle | nubbly | numbed | nugget | nougat | rotgut | outgun | option | oppugn | opiums | olives | odiums | onions | onuses | nurses | nulled | number | nursed | nutmeg | nurser | nutted | nutria | nuncio | ounces | oldies | oddity | oidium | oilcup | oilily | oilman | oiling | oilmen | oilway | oology | oolite | onside | ossify | oozily | oohing | oolith | ogrish | palish | oldish | onrush | owlish | owlets | orbits | ombres | omahas | okapis | okayed | omened | omegas | oleums | oxeyes | onyxes | onager | oliver | oozier | oodles | oculus | opuses | opened | orated | opined | openly | opiner | opiate | ohmage | orange | opaque | oppose | oriole | orally | orates | opines | optics | orgies | orbing | oolong | opting | ostium | optima | oneida | overdo | ovoids | ovines | opener | ostler | nutter | ousted | ouches | orchid | ordain | orchis | orders | organs | orgeat | organa | orgiac | ordeal | ordure | oeuvre | refire | penile | panels | oriels | oracle | orangy | ornery | orient | origin | olivia | ojibwa | ottawa | octavo | outage | ornate | oocyte | oscule | oscars | onward | oxcart | oxford | oxbows | oxalis | osages | oryxes | ovules | ocular | outlaw | osteal | orwell | ormolu | osmose | osmium | podium | omnium | owning | owners | orrery | osiers | oswego | ouzels | nuzzle | numbly | nybble | pebbly | palely | pacify | packed | pacing | oozing | paging | outing | outbid | outcry | luxury | penury | paltry | pagers | others | papers | otters | outgas | outbox | outdid | outers | outfox | outhit | orphic | oxalic | outlie | output | outlay | ostomy | isthmi | tatami | pajama | pagans | pagoda | paeons | paints | paired | overed | osprey | overly | pearly | ovally | ovular | pedlar | pallor | packer | padded | packet | pained | palier | palace | palest | palate | painty | palets | paling | palled | pamper | pallet | outlet | ouster | outset | outran | orphan | oregon | oxygen | oxides | oxlips | oxters | oxtail | outwit | outrun | patron | papain | pallid | palmer | panged | palter | oyster | passer | palmed | pander | panama | pandas | panful | pandit | panics | panned | pantie | panier | pantry | panzer | parcel | panted | papier | papacy | papist | papaws | papery | papaya | papuan | papyri | papule | parade | pardon | parent | pariah | parers | paring | pareve | parish | parkas | parity | parked | parlay | parker | parody | parlor | parole | parley | parols | parred | parson | orison | person | parrot | dryrot | tricot | precox | pegbox | pebble | pearls | peaced | parsed | partly | parsec | pashes | parser | passim | parses | paseos | pascal | passed | pashas | passee | parted | passel | pastas | patens | passes | pastor | pathos | pastes | paters | pastry | patchy | patent | patios | patted | patina | patois | patrol | pastel | pattie | pasted | pauper | pattee | paused | paster | pauses | patter | pawned | paunch | pauser | pawnee | pawers | pavans | pavlov | pavers | paving | pekins | pawing | pawner | pawpaw | pawnor | paynim | payday | payees | paying | payers | payoff | peyote | payola | peyotl | payors | pekoes | peahen | peanut | payout | phylum | phalli | pealed | pecker | peaces | pecans | peases | pecked | peavey | pedler | peaked | peeler | peeing | pedant | peddle | pedros | peered | peewit | pectic | pelted | pectin | pelter | peeked | pellet | peened | pelves | pedals | peeves | pegged | peeper | pended | peewee | pelage | pekans | pelvis | peeved | pelvic | pencil | penang | penman | penned | penult | penmen | peeled | penner | peeped | penney | pentad | pennon | peones | pennae | people | pepped | peplum | pepper | pepsin | myosin | prosit | persia | peptic | perter | perdue | perils | peking | period | perdus | perish | perked | pertly | peruke | pestle | peruse | petite | peseta | pester | petrel | petals | petrol | petard | petits | petted | peters | petter | pewees | phages | phasic | phenix | philip | phials | phases | philos | phenol | phoned | ozones | phoney | phased | phloem | phaser | pewter | pewits | picots | pianos | phones | phobia | phoebe | phlegm | pileup | pigeon | photon | philol | phonos | phobic | myopic | ozonic | oxidic | quinic | phonic | phooey | photic | physis | photos | pietas | pickax | picaro | picked | picnic | physic | phylae | phrase | pilate | piazze | pianic | piazza | pinata | pigsty | pigged | picker | pieced | picket | piecer | pieing | pieces | pierce | pickle | pierre | piddle | pidgin | pigpen | piggie | piffle | pilfer | piglet | piggin | pignet | pilled | pilaff | piling | pilafs | pikers | piking | pinier | pillar | pilose | otiose | plisse | plague | placed | pimped | pincer | pineal | pinged | pining | pinger | pinion | pillow | pilots | pinkos | pickup | pignut | pilous | pinnas | pinked | pinnae | pimple | pinkie | pinnal | pinker | pinole | pimply | pipped | pinner | pinkly | pinned | pinons | pinyon | pintas | pipers | pintos | photog | isolog | sholom | prolog | polloi | pogrom | poison | piston | pipkin | pionic | pippin | pipage | pipets | pinups | pipits | piques | pipier | piqued | pisces | piquet | pished | pistil | pishes | pistol | pissed | pitier | piping | pirana | pirogi | piracy | pitchy | pithed | pisses | pitied | pitman | pities | pitsaw | pitmen | pitons | pitted | pixies | pitter | placer | plagal | places | plaguy | placid | plages | plaice | placks | plaint | planar | plaids | planed | plains | planer | plaits | pivots | pirate | pizazz | pizzas | pixels | pizzle | poodle | pledge | plaque | planes | plashy | planet | plasma | planks | plated | plants | platen | plasms | plater | playas | pleads | plates | pleats | platys | played | plazas | player | plebes | please | plenty | pleura | plenum | plinks | plexus | pliers | pliant | plinth | plight | plushy | plucks | plumed | plover | plonks | plough | plowed | plumes | plower | pluses | ployed | pocked | poiser | pocket | podded | poises | pointe | plunge | plucky | plumbs | plural | plummy | plunks | pluton | plumps | plyers | plying | purine | poking | pokers | poetry | poachy | pointy | poilus | poised | points | pokies | polars | polder | poland | poleax | police | pokier | policy | polers | poling | pokily | polios | polled | polish | polkas | polite | pollen | polity | pollee | polyps | poller | pommel | pomade | pompom | ponton | poetic | pongid | ponces | poohed | ponder | poncho | pongee | pooled | ponies | poorer | ponied | popish | popery | poorly | populi | popeye | popgun | pompon | poplin | poppas | pontes | popped | poplar | poppet | porker | poring | pornos | porose | portal | porous | ported | popper | poseur | porter | posies | poshly | posers | posher | posing | posses | postal | portly | posted | posits | possum | poster | poteen | potage | potboy | potash | potent | novena | ravens | preens | powers | pouffs | potful | potato | pother | potion | potpie | potman | potsie | potmen | poufed | potter | poured | pouchy | pouffe | poults | pounce | pourer | potted | powder | pouted | pounds | pouter | prated | prague | pranks | praise | prater | prance | prates | precis | prawns | prayed | praxis | prayer | premed | praxes | prefer | preamp | pneuma | pseudo | presto | prearm | orgasm | oxgall | recall | racial | rabies | pyxies | poxing | purins | prying | pryers | prices | precut | prefab | prelim | prepay | prefix | preset | premie | pretor | premix | pretty | prevue | prewar | preyed | pricer | priers | priced | preyer | pricey | priest | pricks | prided | pricky | prides | primal | prince | primas | priori | primed | prinks | primer | prints | primly | priors | prised | primos | priory | primes | prison | primps | prissy | primus | privet | prisms | prized | prober | kronur | prongs | prises | probed | prizer | probes | profit | proems | prizes | proofs | prolix | propel | proton | proles | propyl | prosed | prowar | proses | pruned | proper | prowls | proser | prudes | protea | pruner | proved | prunes | proven | purvey | prover | pucker | puffed | puller | public | puffin | pulpit | pulers | puling | pulled | puffer | pugged | pullet | pulque | puddle | pueblo | puddly | pulley | pulsar | pulped | pummel | pulper | punkey | pulsed | pumper | pulses | proves | purees | pulser | pumped | pumice | puking | punier | punchy | psyche | quiche | quacks | quagga | quacky | quaffs | quaggy | quahog | quails | punily | pundit | punish | punker | pupped | punner | punkie | punned | punkin | punted | puppet | punter | pureed | purdah | purely | pupils | pupate | puerto | purity | purdas | purest | purged | purify | purger | purism | purges | purist | purled | purple | purred | purply | pursed | pusher | purses | pushed | purser | pushes | putons | pusses | pursue | pushup | putout | putrid | putoff | putsch | putted | quaked | quaint | quaker | putter | quaver | qualms | quando | quakes | qualmy | psalms | pshaws | psychs | synchs | rancho | psycho | reecho | reacts | quants | quarry | quanta | quarks | quanti | quasar | quarte | querns | quarto | quatre | puttee | puzzle | rubble | rabbet | racier | raceme | rabble | racily | racers | queers | quarts | queans | quebec | queasy | queens | queazy | quells | quench | quests | quartz | quieta | quicks | queues | quezal | queued | quires | queuer | quired | quieti | quills | quince | quiets | quinin | quilts | quinsy | quipus | quirky | quints | quiver | quirks | quoins | quirts | quorum | quoits | quoted | rafted | racker | racing | racked | racism | racket | rabbit | racist | racoon | radian | radars | rabbis | radios | raddle | radial | radome | radish | radons | pylons | rayons | radius | raging | radium | ragout | ragbag | ragged | rafter | quoter | ranter | ragmen | raggle | raglan | railed | raisin | raffia | rancid | raided | raison | ragman | rammed | raider | ramies | railer | rallye | raffle | rankly | ramble | ramify | raking | ragtag | ranted | raiser | ramjet | rained | rammer | raised | ramrod | rancor | ranees | rajahs | raises | rakers | rakish | rapids | ranges | ramped | ranger | random | ranged | rankle | ransom | ranked | rapier | rapers | rapine | rapped | ranker | rappel | raping | rapper | rapist | rapter | rashes | rascal | rasers | rarefy | raptly | rarify | rarest | raring | rarely | rassle | rasher | raptor | rasper | rashly | rarity | pyrite | recite | ravine | ratify | rasing | rasped | rather | raters | rating | rattan | raster | rattle | ration | python | siphon | ribbon | reason | readds | reagan | reader | ratter | ratios | ratted | razzes | rattus | ravels | rattly | really | reamed | razzed | razers | rawest | ravers | ravage | raving | rawish | raying | ravish | razing | razors | rebops | realms | reamer | realty | reaped | rearms | realer | reavow | reaper | rebbes | reared | rebind | reaved | reclad | recane | rebait | rebeck | rebate | rebecs | reaves | rebels | reboil | nevoid | recoil | reboot | rebids | reborn | rebuff | recurs | rebuke | recede | recant | recess | rebuts | recaps | recent | recipe | recast | recked | rearer | rector | reaver | redded | record | rebury | recopy | reckon | recept | recoin | rectal | recomb | rectos | recoup | recuse | recons | rectum | recook | redoes | redact | redbud | redcap | redbug | redden | redeye | redder | redfin | reddle | redeem | reding | redout | redraw | redone | redrew | reduce | redyed | reefer | redyes | reeded | reflex | reefed | reedit | reeked | refold | reeled | reflow | reeler | reffed | reeker | refuel | reeved | refund | refers | reeves | refits | reflux | refile | reform | refill | refuge | refilm | refuse | regale | refine | regent | regain | regear | regard | reggae | refute | regime | regnal | regild | reglue | regilt | regnum | regina | regret | region | regrew | reheel | rehang | rehear | rehash | reheat | rehung | rehems | reigns | reined | relief | relate | relent | rekeys | reject | rejoin | reload | relays | relict | relets | relied | reloan | relics | remind | relies | rended | remand | reline | remade | relive | remake | remedy | remail | remelt | relist | remits | relish | renigs | rename | remain | remend | remark | remiss | remold | renoir | remora | renown | remote | renege | remove | repine | repack | repeal | renews | render | rennin | rental | rennet | reopen | rented | repaid | repeat | repair | renter | repped | repass | repent | repave | repels | repast | repins | replan | repays | replay | report | repute | reruns | reread | reroll | repose | resale | reseal | rescue | reseat | reship | reseed | reside | resent | resign | resets | resist | resold | resins | resole | rested | resort | rester | resown | result | resows | resume | retake | retell | retain | retest | retail | retied | retook | regrow | retool | retard | reties | retold | retina | retort | retype | return | reverb | retire | revers | reuses | revels | revamp | reveal | review | reused | revues | revere | revoir | revert | revile | revery | revise | revolt | revive | revved | revoke | rewire | rewash | reweds | reward | rewove | rewarm | reweld | rework | rewind | rewrap | reword | rezone | ribose | ribald | ribber | rhymer | rhodes | quotes | rioted | rhymed | rhombi | rhymes | rhesus | rhebok | rheums | rhinos | rhombs | roomed | ribbed | richer | riblet | rialto | ridley | riches | ricing | riband | ricked | ricers | richly | ricrac | rickey | rictus | riders | ridded | riding | ridden | riffed | ridder | rifled | ridges | riddle | ridged | rifler | rifely | rifles | rifest | riffle | rifted | rigger | righto | rigged | rights | rigour | righty | rigors | rinses | rilled | riling | rimier | rimers | riming | rimmed | ringer | ripped | rimmer | rinded | rioter | ringed | ripper | rinsed | ripsaw | rinser | risked | risers | ripely | riping | ripest | ripoff | ripens | ripost | ripple | riprap | ripply | rivals | rishis | rising | risker | risque | roscoe | rodeos | rivers | ritard | ritual | ritzes | rivets | riving | robins | roasts | roader | robbed | roamer | robles | roamed | robber | roared | rocker | rococo | robots | robert | robing | robust | rocket | roarer | rocked | rodder | rodent | rodded | rodman | roomer | rogued | rodmen | rogues | roiled | romper | rolled | ronald | riyals | romans | rogers | rondos | roosts | roofed | roller | romped | romano | roping | romany | ropery | ropier | rooked | rosier | rooted | rookie | roofer | rotted | rostra | rooter | rouged | roster | rosary | ropers | ropily | rosery | rosing | rosets | rosily | rotary | rosiny | rotund | rosins | rotors | rotate | rotten | rouges | rhumbs | rouens | rouble | roughs | roused | rotter | rouses | rovers | rounds | rouser | rubber | router | rousts | routed | rubbed | rubato | rubbly | rubens | rowans | routes | rowels | rowing | rowers | royals | sepals | salads | sabers | rulers | rubies | rubric | rubied | rudder | rubles | rucked | rubier | ruffed | rueful | ruckus | ruffes | rugged | ruiner | rumour | rugger | ruined | rummer | rumbas | quotas | shotes | sables | sabbat | sabine | sabots | sabred | sachem | sabres | sachet | sacral | sacbut | sacked | sacrum | sabras | sacred | sadden | sacker | sagged | sadder | sadhus | saddhu | sadism | saddle | sadist | rudest | ruddle | ruffly | rufous | ruffle | rudely | rumble | rumors | rumbly | rumpus | runout | runnel | runoff | runlet | runway | rumply | rustle | rushed | runner | rupees | rupiah | ruling | saline | sagier | sagely | safest | safari | safely | sagest | safety | saints | sahibs | sahara | salaam | saliva | salami | sallow | saigon | sagger | sailed | salter | sailor | salmon | salary | salons | salted | rusted | russia | rushee | rumple | sempre | samite | sambas | salves | sailer | salved | saloon | salute | salver | samlet | sambos | samoan | sample | samuel | sampan | sandal | sancta | salvia | sandra | sanely | sanded | sanest | sander | sangha | sanity | sanger | sapped | sansei | sapper | santee | sarape | sarees | salvos | sarges | sanzen | sashed | rusher | rustic | rushes | rutted | russet | sassed | sashay | sasses | sateen | sashes | satins | sarong | sartor | saucer | saudis | satyrs | sating | roving | sawing | satire | satrap | satiny | satori | pylori | valors | savers | saturn | sativa | saving | savage | savior | savant | savors | sauces | savoys | saults | sauced | saunas | sauted | sawyer | sautes | sawers | savory | savate | savour | saxons | sayers | saying | saxony | sawfly | seemly | scummy | scabby | scalar | scampi | scalds | scanty | scaled | scamps | scaler | scants | scaped | scalls | scarab | scales | scarce | scalps | scared | scathe | scapes | scarry | sclera | scheme | schick | schema | schism | schlep | scarer | scenes | scarey | scones | scarfs | scents | scares | schuss | scarps | schwas | schist | sayest | select | seance | seabag | scubas | scions | school | schizo | schmoe | sconce | scenic | scoria | scoffs | scorch | scolds | scored | scoops | scorer | scoots | scotch | scopes | scotia | quotha | sloths | scores | scrags | scorns | scowed | scours | scrams | scouts | scraps | scowls | screes | scrape | scream | scrawl | screed | scribe | screen | scrimp | screws | script | screwy | scrims | scroll | scrips | scrota | scrive | scrods | scruff | scuffs | scrubs | sculks | scurfy | sculls | scurry | sculpt | scurfs | serifs | sedans | second | seabed | seadog | sealed | seaman | sealer | search | seamed | season | seamer | seaway | seamen | secret | seated | sector | searer | sedges | seared | seeder | seeing | secant | secede | sedate | secure | seders | seduce | seethe | seater | seeded | seesaw | seeker | segued | sedums | segnos | seined | seemer | segues | seemed | seiner | seeped | seines | selfed | seizer | seisms | seized | seller | seizes | semens | selves | seldom | selsyn | sensed | semper | semite | sendee | seneca | senate | sender | senile | senhor | sennas | senior | senora | senses | sentry | sensor | senors | sepias | septet | sepsis | septal | sequel | serges | serape | serbia | septic | sequin | sermon | seraph | serene | serial | serest | series | serval | serine | serous | septum | sestet | served | sering | serums | server | serins | setups | serves | setons | servos | sevens | sewing | sewage | settee | scythe | rhythm | settle | sesame | severe | sheers | shacks | shabby | shaded | shafts | shader | setter | setoff | spoofs | sheafs | shades | shaggy | shadow | shaken | shalom | shaker | sexier | sexpot | setout | sexist | sextan | sexily | sextet | sexing | sexton | sexism | sextos | severs | shears | sewers | sheens | shakes | shaman | shakos | shaled | shammy | rheumy | sheeny | shanty | shales | shanti | shamed | shanks | shaped | shamus | shaper | shards | shaved | sharif | shames | sharpy | scurvy | shelvy | sheath | sheiks | shapes | sheets | shares | shekel | shared | shawls | sharer | shawms | shaven | sharks | shaver | sharps | shawed | shield | sheila | sheave | sheikh | shells | shaves | sheols | shelve | sherds | shelly | sherif | shewed | sherpa | shewer | sherry | shiers | shifty | shiest | shifts | shiksa | shills | shimmy | shined | shirks | shindy | shires | shinny | shirrs | shiner | shirts | shivah | shines | shirty | shivas | shinto | shiver | shists | shmoes | shlock | shooed | shoals | shoddy | shoats | shogun | shoaly | shnaps | shocks | shoppe | shoers | shored | shojis | shorty | shooks | should | shoots | shoved | shorts | shovel | shouts | shover | showup | shores | shreds | shoves | shrews | shrank | shrewd | showed | shriek | shower | shuted | shroud | shrift | shrove | shrill | shrubs | shrike | shrugs | shrimp | shrunk | shrive | shtick | shrine | siding | shrink | sirens | shyers | shtetl | shunts | sights | sibyls | sicily | sicced | sickle | sigils | sickly | sidney | sicked | sidler | sicken | sidled | sicker | sidles | shutes | sieges | siecle | sieged | sienna | sieurs | siesta | sieved | sierra | sieves | sifted | sigher | siglos | sighed | sifter | signed | sigmas | signee | silage | silent | shyest | shying | skeins | siring | silica | silked | signer | silken | signet | siloed | silvan | signal | sexual | social | simian | silvas | silted | simmer | signor | silver | singed | simper | simile | simony | simple | singly | sinews | sinful | sinewy | simply | single | sinker | sipped | singer | sirree | singes | sipper | sinned | sister | sisals | sirups | sirrah | sirupy | skimpy | skidoo | skiers | sitars | sitcom | siting | sitter | situps | sixtes | sinner | skater | sizier | sixing | sixths | sinter | skated | skalds | skeans | skates | skeets | sizers | sizing | sizzle | stable | smalls | skirls | skiddy | skiffs | skiing | skills | skinny | skimps | skivvy | skinks | shucks | skulls | skirts | skoals | skulks | skylab | skying | skycap | skymen | skewed | sketch | skewer | skyway | slowly | slaggy | slacks | skunks | slangs | slaked | slalom | slaker | slangy | slakes | slavic | slants | slated | slicer | slates | sleeks | slaves | sleeps | sleave | sleepy | slavey | sleazy | sledge | sleets | sleigh | sleety | slewed | slater | sliced | slaver | slices | slaved | slider | slicks | sliest | sleeve | sleuth | smelts | 